,rhofold,alphafold3,rnajp,rnacomposer,trrosettarna2
GDT-TS,"[0.344, 0.407, 0.625, 0.728, 0.393, 0.311, 0.179, 0.093, 0.529, 0.736, 0.592, 0.325, 0.4, 0.239, 0.33, 0.293, 0.357, 0.327, 0.257, 0.793, 0.382, 0.507, 0.673, 0.312, 0.29, 0.622, 0.19, 0.158, 0.1, 0.214, 0.852, 0.256, 0.647, 0.426, 0.356, 0.552, 0.303, 0.213, 0.132, 0.155, 0.125, 0.636, 0.25, 0.392, 0.59, 0.197, 0.606, 0.288, 0.662, 0.66, 0.188, 0.697, 0.569, 0.388, 0.429, 0.094, 0.124, 0.82, 0.312, 0.173, 0.471, 0.348, 0.378, 0.336, 0.477, 0.181, 0.155, 0.15, 0.279, 0.198, 0.167, 0.231, 0.762, 0.0, 0.204, 0.609, 0.055, 0.318, 0.632, 0.431, 0.711, 0.576, 0.275, 0.803, 0.0, 0.175, 0.429, 0.179, 0.771, 0.345, 0.728, 0.467, 0.603, 0.25, 0.47, 0.192, 0.295, 0.686, 0.139, 0.362, 0.84, 0.441, 0.338, 0.412]","[0.381, 0.169, 0.66, 0.55, 0.436, 0.183, 0.199, 0.139, 0.346, 0.347, 0.69, 0.131, 0.25, 0.131, 0.335, 0.293, 0.229, 0.268, 0.326, 0.558, 0.378, 0.581, 0.764, 0.347, 0.321, 0.506, 0.234, 0.144, 0.1, 0.202, 0.648, 0.256, 0.243, 0.426, 0.861, 0.401, 0.22, 0.239, 0.145, 0.178, 0.142, 0.214, 0.225, 0.338, 0.493, 0.402, 0.371, 0.386, 0.75, 0.558, 0.194, 0.588, 0.306, 0.383, 0.5, 0.078, 0.124, 0.531, 0.359, 0.173, 0.552, 0.364, 0.378, 0.341, 0.504, 0.201, 0.155, 0.161, 0.486, 0.217, 0.179, 0.231, 0.946, 0.0, 0.197, 0.599, 0.077, 0.348, 0.322, 0.379, 0.358, 0.521, 0.492, 0.526, 0.0, 0.197, 0.25, 0.183, 0.643, 0.321, 0.765, 0.25, 0.554, 0.26, 0.43, 0.186, 0.259, 0.557, 0.13, 0.273, 0.389, 0.26, 0.243, 0.23]","[0.319, 0.174, 0.569, 0.261, 0.321, 0.172, 0.199, 0.127, 0.426, 0.312, 0.338, 0.139, 0.286, 0.136, 0.312, 0.315, 0.221, 0.238, 0.347, 0.548, 0.471, 0.493, 0.532, 0.33, 0.367, 0.556, 0.304, 0.135, 0.1, 0.196, 0.312, 0.238, 0.257, 0.412, 0.192, 0.354, 0.212, 0.213, 0.159, 0.155, 0.134, 0.207, 0.25, 0.343, 0.399, 0.311, 0.364, 0.303, 0.562, 0.596, 0.194, 0.553, 0.194, 0.291, 0.309, 0.08, 0.154, 0.484, 0.273, 0.164, 0.398, 0.273, 0.378, 0.268, 0.519, 0.201, 0.151, 0.189, 0.4, 0.288, 0.167, 0.224, 0.631, 0.0, 0.204, 0.438, 0.076, 0.364, 0.292, 0.371, 0.405, 0.381, 0.317, 0.349, 0.575, 0.261, 0.207, 0.196, 0.771, 0.262, 0.743, 0.233, 0.658, 0.269, 0.38, 0.186, 0.232, 0.529, 0.13, 0.242, 0.299, 0.265, 0.213, 0.26]","[0.375, 0.169, 0.625, 0.233, 0.371, 0.156, 0.186, 0.136, 0.324, 0.368, 0.342, 0.131, 0.293, 0.142, 0.216, 0.272, 0.229, 0.256, 0.34, 0.628, 0.436, 0.485, 0.732, 0.273, 0.373, 0.611, 0.293, 0.147, 0.1, 0.238, 0.695, 0.256, 0.213, 0.368, 0.177, 0.368, 0.212, 0.186, 0.145, 0.243, 0.125, 0.2, 0.233, 0.309, 0.368, 0.307, 0.341, 0.341, 0.562, 0.429, 0.271, 0.338, 0.218, 0.291, 0.405, 0.076, 0.124, 0.531, 0.289, 0.192, 0.395, 0.265, 0.331, 0.227, 0.446, 0.222, 0.125, 0.15, 0.386, 0.207, 0.167, 0.224, 0.702, 0.0, 0.21, 0.391, 0.068, 0.204, 0.28, 0.345, 0.315, 0.504, 0.256, 0.461, 0.0, 0.239, 0.214, 0.188, 0.257, 0.274, 0.743, 0.225, 0.489, 0.279, 0.36, 0.173, 0.214, 0.436, 0.12, 0.244, 0.264, 0.255, 0.25, 0.275]","[0.32, 0.3, 0.98, 0.91, 0.22, 0.47, 0.84, 0.4, 0.8, 0.9, 0.72, 0.32, 0.76, 0.13, 0.18, 0.32, 0.23, 0.71, 0.24, 0.87, 0.76, 0.62, 0.87, 0.35, 0.23, 0.85, 0.24, 0.75, 0.32, 0.62, 0.94, 0.86, 0.48, 0.91, 0.83, 0.75, 0.21, 0.87, 0.18, 0.32, 0.17, 0.21, 0.21, 0.68, 0.64, 0.59, 0.7, 0.39, 0.88, 0.83, 0.21, 0.9, 0.29, 0.72, 0.82, 0.22, 0.13, 0.56, 0.48, 0.62, 0.9, 0.39, 0.73, 0.75, 0.86, 0.77, 0.34, 0.48, 0.27, 0.3, 0.22, 0.94, 0.92, 0.27, 0.47, 0.93, 0.38, 0.39, 0.66, 0.42, 0.73, 0.95, 0.39, 0.6, 0.75, 0.76, 0.51, 0.34, 0.89, 0.93, 0.97, 0.66, 0.55, 0.31, 0.35, 0.52, 0.34, 0.94, 0.38, 0.33, 0.89, 0.59, 0.26, 0.83]"
P-VALUE,"[0.1680888338776487, 1.974339091437293e-05, 5.216987952749719e-11, 0.0, 0.9937689886565704, 0.9999705497497736, 0.9998896636469342, 0.0080284021953447, 0.3897591478693801, 2.065680959617567e-12, 0.0, 1.3655518626976004e-07, 0.8897072949087785, 8.108036464449242e-11, 0.0017218282697565, 0.774532513596663, 1.771315754350855e-06, 7.007265709346733e-07, 0.9999999363412708, 0.0, 4.4551584643670594e-11, 1.822007191837338e-05, 0.0, 1.0, 1.0, 2.19824158875781e-14, 1.0, 0.0, 0.868957361456833, 1.0088270277486266e-06, 8.667122575189978e-12, 1.8124839795685688e-08, 3.263288139709884e-09, 0.9999999928594886, 0.0, 3.608224830031759e-15, 0.0734002617702699, 5.430100813441645e-13, 0.999872670513995, 0.9412958287514744, 0.999944711193664, 8.52455878108671e-09, 0.2537106600704327, 0.0073860200184782, 0.0, 2.7334088097408227e-06, 0.0054660447169974, 1.0, 1.606492716632602e-13, 1.6988166429143803e-10, 0.8014142959017657, 0.0, 0.0, 5.30888555339004e-10, 0.0157484052042625, 0.0, 0.0017016513322049, 1.1632694807417464e-11, 0.9830206864612008, 0.9866422940148276, 0.0, 6.968519716987753e-06, 2.9669731866965865e-05, 3.1751614253228144e-05, 0.0, 8.820782992913223e-11, 0.9999999999999104, 1.0, 0.9999999999945846, 0.9999999788628792, 0.998086229648061, 9.792734033847728e-05, 2.220446049250313e-16, 0.0833645050882273, 1.0, 5.551115123125783e-17, 2.0559145053056227e-08, 1.0, 0.0, 0.9999999998370236, 0.0, 1.3877787807814457e-15, 6.291124766688583e-06, 1.532107773982716e-14, 0.2892442989193347, 1.4065014375397313e-08, 1.075861160371172e-05, 0.2945702795786261, 2.6364466165773592e-12, 5.7509249142939645e-05, 1.3956582001206641e-09, 0.000317087576744, 1.2020552477287616e-06, 0.8493749473522108, 0.999999996939492, 1.0, 0.2715846262081471, 5.304412464823826e-11, 1.248856901225892e-07, 0.0, 2.9976021664879227e-14, 6.938346856555366e-06, 0.0173242870368867, 0.0]","[0.9308956382495024, 1.0, 1.0152959195597331e-08, 1.2559397966072083e-11, 0.9999987623101524, 1.0, 0.0073247687806261, 0.0007779374512122, 0.2860954828195785, 0.1627916988296053, 0.0, 1.0, 1.0, 0.9999999999998332, 1.0, 0.9999999984017534, 1.0, 0.0219485619088349, 0.999999999991385, 1.6653345369377348e-14, 0.0006340759260432, 1.53497470600783e-06, 0.0, 1.0, 1.0, 2.2638990682111166e-10, 0.9999999999999998, 5.160762436368094e-05, 0.999720332392689, 0.999973753128498, 0.0037266170130745, 3.3306690738754696e-16, 1.0, 0.0132049851374515, 0.0, 0.0390961445440272, 1.0, 4.204192549650543e-12, 0.9980152747512094, 0.9999472032418802, 0.9999999999999988, 1.0, 1.0, 0.8561976773341732, 5.4839071061962854e-08, 6.855072065548029e-13, 0.9317221604080724, 1.0, 1.1934897514720431e-14, 3.633758237642226e-07, 1.0, 0.0, 0.0, 0.001138319560154, 0.9999999323558174, 0.0113674891648005, 0.0062009179304983, 0.0011365405759299, 0.9999846184774572, 0.0411152243198796, 0.0, 1.0, 0.4812524770919782, 0.000117344282798, 0.0, 0.336192575495275, 1.0, 1.0, 0.9999980128789046, 0.9999999999934904, 0.3727824940233979, 9.696276355719569e-06, 0.0, 0.9999999995310532, 1.0, 2.5873747588889293e-13, 0.038690096104733, 1.0, 5.551115123125783e-17, 0.9999999999956936, 2.694829859262171e-08, 1.4988010832439613e-13, 1.1102230246251563e-16, 3.705414308718957e-08, 0.9946229799061936, 0.0154836036468026, 1.0, 0.9921080334859482, 1.594927961923176e-08, 0.9967982250680294, 4.963841560012834e-10, 1.0, 6.651543554836439e-08, 1.0, 0.9999999822502956, 1.0, 1.0, 1.6262789798715538e-06, 0.9991188347951816, 2.220446049250313e-16, 0.3162696216497472, 0.6697928231941227, 1.0, 3.6278902982855854e-06]","[0.0441101313152023, 1.0, 2.3440381802242172e-08, 0.999970422725135, 0.9999999999997944, 1.0, 0.0144834712079748, 0.0002765566079413, 0.2552197786215788, 0.0481035745900524, 0.0063956758485185, 1.0, 0.975552421347462, 0.9999999999994984, 1.0, nan, 1.0, 0.0862790857638159, 0.9999999999999932, 6.694644838489695e-14, 2.130801479705013e-09, 5.4819302198916287e-05, 5.551115123125783e-17, 1.0, 1.0, 1.6062312591103023e-10, 0.9999999999588562, 6.953232989381775e-10, 0.9958563620374984, 0.9998473987337138, nan, 1.1667666832693158e-11, 0.999999999999986, 0.0114656692508773, 0.0022982026438382, 0.0226831999873481, nan, 0.0253430895367012, 0.9986221517944642, 0.9999852299561632, 0.9999999988905488, 1.0, 1.0, 0.0097771834206107, 0.0010423131920292, 0.1452030360074495, 0.9874077518742088, 0.9999999999999998, 7.398931467506029e-11, 2.503077415616506e-06, 1.0, 0.0, 0.9234203666010046, 0.0110187750427587, 0.999984471256887, 8.412852586625608e-06, 0.062854822265907, 0.4813446365505092, 0.9975393389818747, 0.618923176988285, 0.0, 1.0, 0.7511210810740607, 0.5880569046195103, 4.7069744883332376e-05, 0.4029494556091321, 1.0, 1.0, 0.9999961328193429, 0.9786896393633702, 0.46827569211495, 1.906950339303215e-07, 3.0742075551870585e-13, 1.0, 1.0, 3.7802372343520574e-11, 7.630007736736388e-13, 1.0, 0.0013656719714144, 0.9999999999955408, 6.494804694057166e-15, 5.046851825341037e-12, 1.87035878629338e-06, 0.0006890501591302, nan, nan, 1.0, 0.19664499137119, 4.0742964557693995e-12, 0.9994695472300528, 2.533545595539977e-11, 1.0, 9.981238058287543e-12, 0.7288703733101893, 0.9877956264934612, 1.0, nan, 1.231347967367569e-06, 0.998634870682648, 3.0307764520287606e-08, 0.9186299969377818, 0.0171143819697572, 1.0, 0.0011203657348247]","[0.0243615589773683, 1.0, 2.878499105740673e-10, 0.9992087690403568, 0.9641175779079928, 1.0, 0.0063519137258851, 0.6602734559640508, 0.0738049609251221, 0.0358694395923997, 2.215588943421665e-07, 1.0, 0.9999999999874968, 0.9999999999998204, 1.0, 0.9994936809176592, 1.0, 0.5124358531037458, 0.9999999999999254, 6.106226635438361e-16, 5.08776742957906e-10, 1.838753882632549e-05, 0.0, 1.0, 1.0, 2.0083934515469082e-13, 1.0, 0.0001152410075569, 0.9921443838453764, 0.9998600612104652, 0.0044314055932528, 1.2175732644337242e-10, 0.9999999999998856, 0.0666149245875025, 0.0192866791431012, 0.000939171875387, 1.0, 0.0106067221550739, 0.6061049934782679, 1.163178394125719e-05, 0.9999999999999984, 1.0, 1.0, 0.9578226158263176, 0.000510235806178, 0.9122396688222716, 0.9867169348468428, 1.0, 6.657208189153607e-07, 0.1588276048970077, 1.0, 9.80767134173277e-10, 0.0, 5.489282169940379e-05, 0.9999480824818427, 5.2453242582739534e-08, 0.0174326406951965, 0.4057280590912193, 0.9999015108516351, 0.1705138089956053, 0.0, 0.999999994758179, 0.5434125668657068, 0.8961312367528673, 4.0084450911026526e-05, 0.2291182503117308, 1.0, 1.0, 0.9999908651211036, 0.9991357834311791, 0.4370061783222314, 6.242781550636067e-05, 4.950706511408498e-12, 0.9999999999999876, 1.0, 4.291493727048845e-08, 0.0041772251085563, 1.0, 5.13326770534839e-08, 0.9999999999474372, 0.0002956574164065, 3.004373432258234e-07, 0.0018506818848742, 0.0004466628246923, 0.9566404988578284, 0.695283060613469, 1.0, 0.0065957645821923, 0.9861179834045196, 0.9971622164613264, 7.381134592421289e-11, 1.0, 1.4655691422116313e-06, 0.9999999998667078, 0.9939062224964536, 1.0, 1.0, 0.209723236870033, 0.9999907371328776, 3.7493641524832805e-10, 0.9679709581117064, 0.1351170747256248, 1.0, 0.0003223775324117]","[nan, 0.02, 0.0, 0.0, nan, 0.0, nan, nan, 0.0, 0.0, 0.0, nan, nan, nan, 1.0, nan, nan, nan, nan, 0.0, 0.0, 0.0, 0.0, 1.0, 1.0, 0.0, 0.01, nan, nan, nan, nan, nan, nan, nan, 0.0, 0.0, 1.0, nan, nan, nan, nan, 1.0, nan, 0.0, nan, 0.0, nan, nan, 0.0, 0.0, nan, 0.0, 0.0, 0.0, nan, nan, nan, nan, 0.0, nan, 0.0, nan, nan, 0.0, 0.0, nan, 0.0, 0.0, nan, nan, nan, nan, 0.0, nan, nan, 0.0, nan, nan, 0.0, nan, 0.0, 0.0, 0.0, 0.0, nan, nan, nan, nan, 0.0, nan, 0.0, nan, 0.0, nan, nan, 0.0, nan, 0.0, nan, 0.0, 0.0, nan, 0.99, nan]"
INF-ALL,"[0.671, 0.522, 0.753, 0.741, 0.623, 0.165, 0.369, 0.178, 0.679, 0.611, 0.724, 0.483, 0.629, 0.753, 0.654, 0.32, 0.607, 0.633, 0.545, 0.833, 0.578, 0.676, 0.848, 0.579, 0.487, 0.756, 0.365, 0.73, 0.16, 0.44, 0.811, 0.641, 0.546, 0.485, 0.68, 0.73, 0.408, 0.66, 0.472, 0.401, 0.187, 0.544, 0.471, 0.395, 0.709, 0.338, 0.715, 0.58, 0.65, 0.73, 0.414, 0.814, 0.816, 0.564, 0.849, 0.544, 0.446, 0.851, 0.144, 0.259, 0.792, 0.754, 0.819, 0.443, 0.72, 0.673, 0.422, 0.202, 0.368, 0.535, 0.269, 0.443, 0.868, 0.333, 0.386, 0.862, 0.064, 0.584, 0.663, 0.6, 0.744, 0.732, 0.638, 0.85, 0.802, 0.571, 0.418, 0.249, 0.732, 0.866, 0.876, 0.246, nan, 0.605, 0.662, 0.208, 0.522, 0.679, 0.714, 0.722, 0.77, 0.7, 0.333, 0.707]","[0.74, 0.387, 0.775, 0.74, 0.693, 0.36, 0.69, 0.566, 0.734, 0.541, 0.777, 0.29, 0.65, 0.428, 0.598, 0.369, 0.561, 0.639, 0.732, 0.771, 0.744, 0.787, 0.933, 0.611, 0.599, 0.722, 0.673, 0.735, 0.258, 0.452, 0.765, 0.928, 0.462, 0.835, 0.895, 0.646, 0.589, 0.825, 0.416, 0.444, 0.144, 0.27, 0.45, 0.411, 0.731, 0.667, 0.475, 0.643, 0.925, 0.738, 0.439, 0.806, 0.868, 0.579, 0.651, 0.697, 0.561, 0.889, 0.5, 0.629, 0.814, 0.727, 0.632, 0.482, 0.777, 0.652, 0.296, 0.289, 0.605, 0.503, 0.55, 0.856, 0.962, 0.539, 0.327, 0.903, 0.591, 0.6, 0.539, 0.746, 0.639, 0.75, 0.77, 0.767, 0.589, 0.508, 0.526, 0.215, 0.857, 0.667, 0.918, 0.136, nan, 0.587, 0.683, 0.258, 0.494, 0.488, 0.72, 0.862, 0.388, 0.494, 0.225, 0.641]","[0.758, 0.414, 0.75, 0.343, 0.576, 0.292, 0.598, 0.555, 0.655, 0.553, 0.597, 0.376, 0.473, 0.384, 0.484, 0.5, 0.725, 0.557, 0.652, 0.8, 0.709, 0.582, 0.849, 0.646, 0.59, 0.807, 0.571, 0.718, 0.265, 0.461, 0.596, 0.81, 0.429, 0.788, 0.732, 0.648, 0.471, 0.612, 0.469, 0.417, 0.088, 0.196, 0.361, 0.361, 0.71, 0.535, 0.429, 0.573, 0.703, 0.77, 0.176, 0.787, 0.808, 0.576, 0.42, 0.562, 0.501, 0.739, 0.555, 0.696, 0.791, 0.616, 0.532, 0.357, 0.768, 0.55, 0.289, 0.238, 0.573, 0.613, 0.535, 0.833, 0.895, 0.385, 0.355, 0.651, 0.627, 0.544, 0.628, 0.549, 0.691, 0.706, 0.646, 0.751, 0.474, 0.339, 0.428, 0.298, 0.857, 0.577, 0.947, 0.298, nan, 0.605, 0.689, 0.158, 0.52, 0.68, 0.542, 0.849, 0.233, 0.557, 0.198, 0.485]","[0.817, 0.382, 0.692, 0.291, 0.515, 0.249, 0.741, 0.544, 0.509, 0.527, 0.613, 0.295, 0.508, 0.205, 0.704, 0.49, 0.469, 0.581, 0.555, 0.738, 0.684, 0.651, 0.888, 0.532, 0.579, 0.775, 0.475, 0.685, 0.0, 0.545, 0.769, 0.869, 0.289, 0.706, 0.595, 0.689, 0.527, 0.685, 0.392, 0.7, 0.18, 0.378, 0.361, 0.372, 0.778, 0.536, 0.562, 0.572, 0.836, 0.677, 0.27, 0.645, 0.803, 0.504, 0.612, 0.515, 0.413, 0.793, 0.347, 0.603, 0.823, 0.548, 0.549, 0.519, 0.74, 0.498, 0.154, 0.164, 0.555, 0.374, 0.506, 0.786, 0.881, 0.316, 0.281, 0.758, 0.545, 0.442, 0.473, 0.531, 0.595, 0.626, 0.561, 0.622, 0.204, 0.661, 0.272, 0.342, 0.37, 0.577, 0.874, 0.22, nan, 0.558, 0.527, 0.121, 0.296, 0.411, 0.361, 0.822, 0.236, 0.52, 0.251, 0.473]","[0.57, 0.33, 0.9, 0.94, 0.43, 0.42, 0.22, 0.36, 0.83, 0.79, 0.76, 0.28, 0.77, 0.36, 0.38, 0.12, 0.52, 0.45, 0.44, 0.92, 0.92, 0.86, 0.93, 0.6, 0.47, 0.87, 0.59, 0.38, 0.14, 0.16, 0.91, 0.37, 0.58, 0.3, 0.89, 0.78, 0.38, 0.28, 0.26, 0.34, 0.0, 0.26, 0.35, 0.62, 0.8, 0.8, 0.85, 0.54, 0.95, 0.85, 0.31, 0.92, 0.85, 0.82, 0.67, 0.38, 0.36, 0.74, 0.38, 0.23, 0.89, 0.3, 0.34, 0.78, 0.82, 0.18, 0.4, 0.31, 0.46, 0.28, 0.1, 0.25, 0.94, 0.0, 0.46, 0.92, 0.32, 0.46, 0.78, 0.44, 0.8, 0.93, 0.76, 0.67, 0.46, 0.17, 0.39, 0.16, 0.93, 0.7, 0.96, 0.25, nan, 0.31, 0.5, 0.25, 0.15, 0.94, 0.22, 0.79, 0.94, 0.67, 0.0, 0.3]"
MCQ,"[64.48, 74.71, 48.29, 61.3, 73.47, 69.42, 74.57, 59.6, 63.7, 59.59, 48.89, 73.45, 69.53, 75.27, 66.38, 70.46, 60.51, nan, 68.39, 48.03, 62.95, 48.99, 35.99, 55.57, 42.7, 53.67, 68.39, 53.74, 73.38, 68.41, 42.13, 52.75, 76.51, 69.65, 52.74, 55.5, 63.7, 60.77, 72.05, 54.61, 66.27, 64.48, 65.13, 57.13, 51.78, 68.65, nan, 53.25, 47.65, 47.42, 70.8, 46.21, 47.18, 61.39, 50.78, 60.45, 57.06, nan, 93.91, 63.2, 43.71, 59.52, 66.56, 68.08, 53.18, nan, 78.8, 84.29, 70.41, 72.76, 77.02, nan, 56.19, 81.98, 75.77, 39.04, 60.24, 51.1, 46.72, 49.61, 45.3, 51.07, 53.93, 41.84, 54.41, nan, 89.89, 62.78, 59.52, 54.08, 42.08, 89.88, 51.14, 62.76, 46.83, 85.53, 72.67, 62.7, 50.98, 46.22, nan, 66.11, 91.64, 52.87]","[14.74, 30.2, 17.54, 18.98, 16.58, 36.77, 26.22, 17.64, 26.52, 34.28, 31.87, 40.18, 23.09, 45.94, 9.27, 33.71, 29.4, nan, 11.6, 19.85, 17.91, 19.47, 10.29, 11.24, 23.57, 24.62, 13.11, 19.5, 43.44, 33.41, 11.65, 13.58, 28.39, 12.73, 12.17, 24.74, 40.56, 29.36, 47.18, 22.23, 58.1, 42.78, 37.08, 24.14, 17.71, 20.4, nan, 19.19, 12.64, 27.04, 36.32, 19.85, 15.07, 30.22, 12.02, 18.37, 30.24, nan, 39.82, 24.09, 16.27, 8.54, 30.17, 23.67, 13.62, nan, 42.68, 43.34, 19.44, 21.91, 23.03, nan, 18.53, 29.84, 36.48, 16.26, 20.91, 11.78, 18.25, 9.3, 18.82, 16.39, 23.54, 17.34, 30.59, nan, 27.87, 39.92, 16.82, 10.19, 12.52, 46.24, 16.7, 27.01, 16.84, 42.42, 30.37, 27.24, 13.72, 9.86, nan, 32.58, 43.69, 15.96]","[21.43, 34.3, 25.01, 27.75, 31.62, 44.62, 32.08, 24.97, 33.89, 36.5, 38.54, 42.26, 30.19, 53.43, 18.7, nan, 35.16, nan, 17.41, 26.3, 30.34, 27.31, 17.87, 21.08, 26.46, 30.26, 19.98, 26.24, 50.26, 35.59, nan, 22.32, 39.67, 26.74, 23.98, 32.72, nan, 40.18, 49.77, 32.36, 56.34, 44.37, 40.96, 27.89, 25.41, 28.75, nan, 21.81, 26.47, 29.23, 48.88, 27.18, 21.43, 32.97, 23.99, 27.02, 36.48, nan, 46.63, 29.15, 23.61, 32.78, 32.98, 33.63, 21.79, nan, 48.37, 48.06, 25.63, 26.1, 32.18, nan, 21.03, 39.22, 43.02, 21.84, 26.69, 18.96, 23.21, 19.76, 29.79, 25.54, 28.9, 31.08, nan, nan, 30.57, 44.03, 23.61, 24.08, 17.56, 51.16, 22.63, 32.53, 20.28, 46.49, nan, 35.79, 21.14, 18.61, nan, 42.65, 46.57, 26.0]","[15.82, 41.14, 22.11, 33.68, 35.62, 37.27, 37.09, 22.75, 29.74, 33.76, 39.7, 42.3, 33.33, 47.47, 21.56, 38.66, 32.2, nan, 23.1, 26.95, 25.17, 29.82, 15.28, 19.56, 26.76, 27.49, 24.25, 28.04, 44.95, 37.59, 19.31, 18.31, 37.83, 24.6, 23.29, 28.81, 50.57, 39.57, 47.97, 31.7, 56.78, 48.58, 42.93, 26.56, 22.69, 31.44, nan, 21.34, 21.13, 27.94, 45.99, 22.97, 22.27, 34.75, 25.02, 31.42, 36.99, nan, 40.5, 31.17, 22.34, 22.85, 39.54, 26.34, 14.78, nan, 47.16, 52.68, 28.57, 34.4, 33.02, nan, 19.51, 33.06, 42.59, 22.94, 29.76, 27.68, 29.75, 16.72, 31.0, 22.51, 34.78, 31.85, 39.76, nan, 39.68, 42.7, 34.47, 18.27, 14.54, 52.98, 24.28, 31.17, 28.46, 47.86, 44.14, 31.35, 38.15, 17.96, nan, 36.96, 48.11, 27.61]","[nan, 41.59, 19.7, 22.28, nan, 39.78, nan, nan, 28.61, 31.56, 33.73, nan, nan, nan, 30.44, nan, nan, nan, nan, 20.87, 23.29, 19.8, 13.65, 20.35, 29.94, 20.45, 21.65, nan, nan, nan, nan, nan, nan, nan, 19.7, 27.97, 42.57, nan, nan, nan, nan, 48.27, nan, 27.05, nan, 24.2, nan, nan, 23.47, 25.62, nan, 24.04, 21.52, 30.63, nan, nan, nan, nan, 41.71, nan, 15.03, nan, nan, 26.19, 19.99, nan, 44.49, 42.88, nan, nan, nan, nan, 20.9, nan, nan, 14.84, nan, nan, 19.08, nan, 23.0, 15.54, 30.05, 31.58, nan, nan, nan, nan, 22.77, nan, 13.6, nan, 24.23, nan, nan, 36.66, nan, 26.08, nan, 23.0, nan, nan, 49.39, nan]"
TM-score,"[0.188, 0.207, 0.24, 0.442, 0.182, 0.16, 0.178, 0.161, 0.254, 0.333, 0.515, 0.233, 0.171, 0.162, 0.226, 0.106, 0.157, 0.3, 0.121, 0.567, 0.225, 0.198, 0.482, 0.187, 0.247, 0.31, 0.127, 0.575, 0.105, 0.318, 0.445, 0.291, 0.276, 0.17, 0.458, 0.359, 0.126, 0.353, 0.183, 0.267, 0.087, 0.273, 0.135, 0.319, 0.464, 0.177, 0.292, 0.137, 0.363, 0.347, 0.136, 0.547, 0.727, 0.293, 0.209, 0.35, 0.172, 0.352, 0.09, 0.132, 0.519, 0.212, 0.247, 0.265, 0.389, 0.251, 0.145, 0.104, 0.129, 0.18, 0.106, 0.379, 0.448, 0.059, 0.117, 0.416, 0.164, 0.217, 0.602, 0.191, 0.569, 0.455, 0.29, 0.44, 0.283, 0.216, 0.134, 0.181, 0.364, 0.211, 0.354, 0.129, 0.38, 0.137, 0.206, 0.132, 0.122, 0.267, 0.287, 0.459, 0.475, 0.295, 0.113, 0.538]","[0.259, 0.137, 0.305, 0.297, 0.244, 0.101, 0.264, 0.316, 0.206, 0.256, 0.597, 0.098, 0.184, 0.07, 0.225, 0.151, 0.113, 0.261, 0.254, 0.291, 0.285, 0.265, 0.581, 0.208, 0.265, 0.278, 0.206, 0.288, 0.152, 0.162, 0.353, 0.478, 0.144, 0.264, 0.903, 0.321, 0.134, 0.414, 0.262, 0.314, 0.096, 0.132, 0.138, 0.296, 0.422, 0.313, 0.16, 0.226, 0.428, 0.348, 0.151, 0.436, 0.323, 0.281, 0.175, 0.261, 0.246, 0.284, 0.123, 0.177, 0.478, 0.191, 0.338, 0.261, 0.372, 0.279, 0.121, 0.126, 0.272, 0.19, 0.227, 0.59, 0.796, 0.22, 0.115, 0.407, 0.251, 0.261, 0.281, 0.26, 0.308, 0.45, 0.487, 0.269, 0.292, 0.18, 0.137, 0.197, 0.339, 0.187, 0.406, 0.119, 0.483, 0.122, 0.205, 0.149, 0.116, 0.29, 0.294, 0.34, 0.313, 0.204, 0.157, 0.335]","[0.216, 0.131, 0.263, 0.278, 0.141, 0.12, 0.242, 0.172, 0.151, 0.217, 0.309, 0.104, 0.158, 0.075, 0.241, 0.16, 0.135, 0.197, 0.197, 0.305, 0.359, 0.266, 0.343, 0.235, 0.365, 0.347, 0.174, 0.275, 0.104, 0.141, 0.218, 0.328, 0.145, 0.238, 0.214, 0.271, 0.117, 0.261, 0.214, 0.293, 0.089, 0.112, 0.121, 0.243, 0.336, 0.255, 0.11, 0.206, 0.249, 0.334, 0.156, 0.351, 0.215, 0.215, 0.194, 0.259, 0.302, 0.224, 0.11, 0.254, 0.388, 0.19, 0.236, 0.23, 0.397, 0.171, 0.128, 0.112, 0.213, 0.261, 0.231, 0.415, 0.375, 0.157, 0.134, 0.318, 0.276, 0.224, 0.248, 0.27, 0.262, 0.3, 0.369, 0.191, 0.145, 0.152, 0.119, 0.209, 0.394, 0.272, 0.362, 0.108, 0.441, 0.14, 0.229, 0.118, 0.131, 0.283, 0.237, 0.267, 0.199, 0.197, 0.109, 0.234]","[0.259, 0.132, 0.296, 0.244, 0.23, 0.109, 0.217, 0.209, 0.143, 0.199, 0.258, 0.088, 0.177, 0.079, 0.164, 0.118, 0.123, 0.148, 0.184, 0.349, 0.321, 0.205, 0.535, 0.162, 0.358, 0.385, 0.193, 0.302, 0.116, 0.135, 0.433, 0.404, 0.133, 0.249, 0.224, 0.267, 0.137, 0.204, 0.208, 0.216, 0.082, 0.112, 0.129, 0.267, 0.309, 0.252, 0.117, 0.226, 0.374, 0.265, 0.157, 0.241, 0.244, 0.227, 0.188, 0.209, 0.188, 0.279, 0.102, 0.266, 0.361, 0.157, 0.215, 0.182, 0.338, 0.229, 0.103, 0.097, 0.224, 0.153, 0.196, 0.471, 0.475, 0.067, 0.093, 0.256, 0.181, 0.163, 0.277, 0.132, 0.225, 0.49, 0.29, 0.26, 0.047, 0.183, 0.125, 0.228, 0.25, 0.164, 0.358, 0.11, 0.392, 0.148, 0.169, 0.142, 0.114, 0.284, 0.118, 0.268, 0.197, 0.156, 0.112, 0.284]","[0.22, 0.13, 0.74, 0.71, 0.13, 0.27, 0.54, 0.39, 0.4, 0.53, 0.66, 0.21, 0.42, 0.1, 0.14, 0.17, 0.12, 0.43, 0.13, 0.66, 0.54, 0.28, 0.74, 0.22, 0.2, 0.58, 0.15, 0.79, 0.17, 0.4, 0.59, 0.56, 0.14, 0.36, 0.91, 0.59, 0.14, 0.68, 0.22, 0.28, 0.1, 0.1, 0.16, 0.47, 0.56, 0.5, 0.4, 0.18, 0.58, 0.55, 0.1, 0.81, 0.32, 0.5, 0.31, 0.28, 0.2, 0.33, 0.15, 0.44, 0.9, 0.21, 0.47, 0.6, 0.76, 0.4, 0.25, 0.23, 0.16, 0.24, 0.28, 0.69, 0.69, 0.09, 0.22, 0.78, 0.47, 0.14, 0.6, 0.23, 0.56, 0.86, 0.36, 0.29, 0.38, 0.52, 0.2, 0.22, 0.53, 0.44, 0.7, 0.2, 0.4, 0.14, 0.21, 0.23, 0.1, 0.67, 0.23, 0.43, 0.55, 0.41, 0.09, 0.65]"
lDDT,"[0.561, 0.57, 0.393, 0.649, 0.575, 0.491, 0.343, 0.189, 0.675, 0.601, 0.597, 0.526, 0.609, 0.255, 0.628, 0.498, 0.556, 0.541, 0.572, 0.707, 0.542, 0.661, 0.717, 0.704, 0.707, 0.639, 0.443, 0.572, 0.563, 0.594, 0.765, 0.468, 0.629, 0.333, 0.527, 0.608, 0.539, 0.63, 0.548, 0.337, 0.489, 0.617, 0.604, 0.502, 0.652, 0.266, 0.587, 0.654, 0.64, 0.59, 0.565, 0.667, 0.659, 0.355, 0.659, 0.472, 0.362, 0.782, 0.447, 0.259, 0.645, 0.678, 0.648, 0.358, 0.559, 0.578, 0.479, 0.384, 0.367, 0.52, 0.302, 0.544, 0.696, 0.474, 0.504, 0.689, 0.08, 0.739, 0.592, 0.712, 0.677, 0.563, 0.448, 0.706, 0.746, 0.508, 0.513, 0.407, 0.69, 0.741, 0.741, 0.534, 0.655, 0.597, 0.72, 0.491, 0.536, 0.52, 0.71, 0.617, 0.676, 0.524, 0.449, 0.606]","[0.613, 0.551, 0.393, 0.578, 0.751, 0.481, 0.59, 0.432, 0.553, 0.371, 0.673, 0.478, 0.623, 0.237, 0.809, 0.553, 0.646, 0.504, 0.822, 0.654, 0.619, 0.733, 0.871, 0.839, 0.816, 0.57, 0.693, 0.52, 0.583, 0.564, 0.712, 0.886, 0.606, 0.714, 0.802, 0.589, 0.649, 0.806, 0.55, 0.392, 0.502, 0.507, 0.62, 0.524, 0.739, 0.534, 0.348, 0.656, 0.836, 0.584, 0.541, 0.686, 0.74, 0.473, 0.658, 0.538, 0.453, 0.888, 0.561, 0.617, 0.748, 0.799, 0.703, 0.33, 0.668, 0.514, 0.515, 0.549, 0.794, 0.605, 0.52, 0.844, 0.878, 0.727, 0.547, 0.768, 0.445, 0.802, 0.454, 0.857, 0.508, 0.628, 0.533, 0.625, 0.687, 0.48, 0.481, 0.364, 0.771, 0.701, 0.838, 0.54, 0.633, 0.702, 0.659, 0.52, 0.676, 0.369, 0.782, 0.786, 0.376, 0.474, 0.493, 0.505]","[0.0, 0.053, 0.057, 0.023, 0.0, 0.045, 0.031, 0.017, 0.015, 0.036, 0.023, 0.073, 0.0, 0.001, 0.009, 0.0, 0.001, 0.017, 0.042, 0.098, 0.001, 0.028, 0.04, 0.008, 0.585, 0.008, 0.002, 0.008, 0.0, 0.004, 0.047, 0.007, 0.0, 0.002, 0.017, 0.016, 0.006, 0.011, 0.029, 0.035, 0.015, 0.029, 0.01, 0.023, 0.035, 0.003, 0.011, 0.015, 0.016, 0.066, 0.0, 0.006, 0.144, 0.054, 0.023, 0.025, 0.006, 0.028, 0.0, 0.016, 0.116, 0.0, 0.0, 0.002, 0.039, 0.0, 0.031, 0.007, 0.065, 0.066, 0.018, 0.078, 0.042, 0.0, 0.019, 0.026, 0.031, 0.003, 0.083, 0.0, 0.021, 0.028, 0.064, 0.003, 0.0, 0.004, 0.029, 0.022, 0.007, 0.0, 0.167, 0.0, 0.301, 0.0, 0.004, 0.042, 0.0, 0.015, 0.0, 0.04, 0.015, 0.004, 0.038, 0.144]","[0.689, 0.507, 0.409, 0.258, 0.595, 0.482, 0.534, 0.411, 0.508, 0.374, 0.413, 0.482, 0.527, 0.313, 0.613, 0.508, 0.562, 0.46, 0.623, 0.663, 0.606, 0.627, 0.829, 0.711, 0.774, 0.615, 0.638, 0.236, 0.455, 0.569, 0.691, 0.722, 0.515, 0.637, 0.41, 0.517, 0.557, 0.538, 0.536, 0.57, 0.206, 0.533, 0.607, 0.47, 0.639, 0.376, 0.377, 0.684, 0.704, 0.525, 0.486, 0.575, 0.581, 0.424, 0.597, 0.461, 0.357, 0.782, 0.526, 0.565, 0.689, 0.677, 0.542, 0.289, 0.595, 0.434, 0.415, 0.471, 0.687, 0.522, 0.48, 0.8, 0.739, 0.567, 0.506, 0.637, 0.404, 0.61, 0.383, 0.638, 0.438, 0.517, 0.459, 0.556, 0.41, 0.545, 0.499, 0.467, 0.284, 0.625, 0.783, 0.514, 0.56, 0.669, 0.583, 0.493, 0.574, 0.363, 0.492, 0.665, 0.299, 0.425, 0.472, 0.396]","[0.52, 0.46, 0.51, 0.8, 0.51, 0.59, 0.79, 0.62, 0.78, 0.69, 0.71, 0.52, 0.73, 0.03, 0.51, 0.44, 0.6, 0.66, 0.49, 0.79, 0.79, 0.77, 0.86, 0.78, 0.39, 0.79, 0.56, 0.77, 0.53, 0.61, 0.84, 0.84, 0.58, 0.72, 0.81, 0.7, 0.55, 0.74, 0.35, 0.49, 0.52, 0.51, 0.58, 0.68, 0.78, 0.66, 0.67, 0.66, 0.84, 0.75, 0.42, 0.81, 0.66, 0.63, 0.88, 0.51, 0.34, 0.73, 0.57, 0.7, 0.85, 0.7, 0.74, 0.71, 0.74, 0.61, 0.57, 0.55, 0.54, 0.61, 0.18, 0.84, 0.82, 0.54, 0.66, 0.83, 0.64, 0.65, 0.68, 0.65, 0.71, 0.83, 0.59, 0.55, 0.62, 0.74, 0.55, 0.43, 0.82, 0.88, 0.87, 0.66, 0.19, 0.5, 0.6, 0.61, 0.51, 0.8, 0.56, 0.64, 0.8, 0.56, 0.47, 0.79]"
RMSD,"[14.611, 9.817, 3.485, 2.625, 19.292, 25.01, 22.691, 22.141, 13.966, 2.635, 4.347, 13.033, 17.0, 5.991, 12.234, 11.804, 6.449, 8.531, 24.623, 2.14, 7.712, 7.038, 2.535, 42.612, 73.661, 4.191, 38.708, 6.681, 11.176, 8.376, 1.694, 7.301, 4.025, 17.955, 7.518, 5.887, 11.528, 5.513, 26.976, 27.903, 28.08, 4.643, 11.918, 14.995, 4.234, 13.645, 9.889, 30.261, 3.229, 4.739, 16.638, 2.864, 3.752, 7.882, 5.728, 18.092, 22.709, 2.108, 17.62, 23.628, 5.522, 6.319, 8.2, 13.194, 6.82, 3.943, 36.215, 46.139, 27.026, 29.76, 21.248, 9.638, 2.292, 10.265, 41.324, 3.678, 28.033, 29.323, 3.12, 24.069, 2.514, 7.136, 19.936, 2.066, 2.75, 8.601, 7.147, 19.666, 2.378, 2.658, 3.772, 6.961, 9.566, 13.501, 21.716, 40.292, 11.296, 3.17, 2.735, 11.721, 1.913, 11.561, 10.667, 2.519]","[19.01, 46.492, 5.017, 5.768, 23.273, 40.908, 11.648, 20.779, 13.453, 13.345, 3.764, 54.279, 33.833, 30.603, 40.396, 21.105, 39.249, 13.589, 27.224, 4.675, 13.582, 6.071, 2.6, 42.442, 72.124, 6.556, 32.631, 24.116, 15.369, 24.208, 8.986, 2.687, 38.776, 3.752, 3.257, 16.723, 37.628, 6.03, 25.577, 32.064, 35.385, 35.497, 36.914, 21.298, 14.698, 9.071, 17.15, 31.021, 2.612, 7.125, 37.886, 4.766, 16.317, 13.369, 19.088, 31.021, 23.48, 8.646, 21.305, 16.512, 5.491, 29.436, 15.344, 13.771, 6.842, 14.667, 42.373, 44.237, 23.098, 32.077, 15.458, 8.653, 1.825, 23.77, 39.147, 5.599, 34.729, 29.454, 11.435, 25.045, 11.333, 8.229, 13.044, 6.052, 8.342, 14.713, 36.886, 24.983, 4.839, 14.507, 3.471, 36.935, 8.56, 28.887, 21.173, 40.601, 30.985, 6.417, 17.649, 19.618, 14.568, 20.174, 34.255, 11.309]","[13.273, 45.932, 5.281, 25.008, 27.848, 36.74, 12.111, 20.258, 13.285, 12.12, 19.564, 46.942, 18.34, 30.333, 44.076, nan, 31.521, 14.761, 28.971, 5.003, 8.811, 7.507, 5.374, 42.877, 72.798, 6.46, 29.748, 20.203, 13.91, 23.428, nan, 5.186, 28.165, 3.654, 30.309, 16.291, nan, 14.81, 25.781, 32.603, 31.887, 31.554, 36.467, 15.181, 18.716, 19.924, 18.499, 28.821, 4.808, 7.826, 38.479, 4.419, 37.546, 14.74, 17.097, 27.375, 25.224, 14.055, 18.865, 20.185, 8.523, 29.862, 16.649, 20.793, 15.709, 14.986, 45.684, 47.326, 22.845, 23.543, 15.899, 7.201, 3.974, 30.085, 38.531, 6.88, 25.178, 29.783, 21.081, 25.036, 7.25, 9.11, 19.471, 9.979, nan, nan, 38.992, 19.101, 2.49, 15.492, 2.646, 30.621, 5.983, 12.737, 15.303, 40.795, nan, 6.314, 17.413, 24.487, 17.941, 15.572, 35.461, 13.882]","[12.794, 45.434, 3.96, 23.465, 18.036, 39.116, 11.556, 27.218, 11.863, 11.873, 14.956, 47.583, 26.807, 30.585, 32.589, 16.363, 41.046, 17.272, 28.412, 3.913, 8.392, 7.041, 3.186, 40.673, 73.484, 4.72, 32.912, 24.476, 13.506, 23.469, 9.092, 5.82, 27.665, 5.046, 31.686, 14.298, 31.64, 14.18, 20.877, 17.469, 35.326, 33.276, 35.7, 22.49, 18.343, 24.266, 18.462, 29.974, 7.639, 14.243, 31.409, 10.079, 18.509, 11.9, 16.586, 25.548, 24.183, 13.71, 20.504, 17.926, 7.294, 24.44, 15.625, 22.66, 15.639, 14.093, 42.595, 46.074, 22.508, 25.534, 15.757, 9.436, 4.674, 26.478, 38.854, 8.958, 33.16, 29.349, 16.895, 24.381, 14.937, 12.375, 22.572, 9.758, 6.834, 19.516, 36.972, 16.176, 18.756, 14.578, 2.936, 32.905, 9.639, 23.011, 15.764, 39.659, 29.488, 13.341, 19.727, 23.158, 18.761, 17.399, 34.087, 13.242]","[nan, 13.42, 0.94, 1.3, nan, 7.63, nan, nan, 2.16, 1.49, 2.66, nan, nan, nan, 22.37, nan, nan, nan, nan, 2.16, 2.46, 5.23, 1.26, 42.87, 72.76, 2.16, 13.94, nan, nan, nan, nan, nan, nan, nan, 1.74, 4.25, 39.35, nan, nan, nan, nan, 32.68, nan, 4.72, nan, 7.02, nan, nan, 1.37, 2.92, nan, 1.82, 16.7, 2.67, nan, nan, nan, nan, 5.98, nan, 1.15, nan, nan, 2.84, 1.79, nan, 9.19, 7.17, nan, nan, nan, nan, 1.3, nan, nan, 1.1, nan, nan, 3.22, nan, 2.82, 1.11, 9.25, 8.14, nan, nan, nan, nan, 1.37, nan, 1.03, nan, 6.22, nan, nan, 5.78, nan, 1.6, nan, 11.85, 1.52, nan, 18.62, nan]"
BARNABA-eRMSD,"[1.258, 0.849, 1.056, 1.067, 0.969, 1.271, 1.724, 2.581, 1.253, 1.516, 1.17, 1.034, 0.873, 0.775, 0.942, 1.068, 0.898, nan, 1.547, 0.712, 1.316, 1.295, 0.712, 1.528, 1.59, 1.071, 1.815, 1.18, 1.164, 1.144, 0.893, 1.578, 0.827, 1.521, 1.309, 0.925, 0.995, 1.38, 1.593, 1.96, 1.336, 0.869, 0.963, 1.619, 0.897, 2.287, nan, 1.586, nan, 1.228, 1.051, 1.058, 0.798, nan, 0.654, 1.649, 1.873, nan, 1.036, 2.311, 0.96, 0.615, 1.06, nan, nan, nan, 1.246, 2.053, 1.858, 1.286, 2.083, nan, 0.688, nan, 1.777, 0.728, 2.798, 1.434, 1.314, 1.391, 1.005, 1.496, 1.651, 0.733, 0.587, nan, 1.019, 2.047, 0.914, 0.567, 0.819, 1.156, 1.355, 0.798, 1.589, 1.732, 1.052, 1.468, 0.635, 1.139, nan, 1.194, 1.232, nan]","[1.65, 1.806, 1.257, 1.347, 1.49, 1.842, 1.53, 2.04, 1.331, 2.081, 1.049, 1.956, 1.629, 1.909, 1.569, 1.746, 1.597, nan, 1.49, 1.126, 1.347, 1.016, 0.477, 1.554, 1.695, 1.432, 1.562, 1.465, 1.527, 1.624, 1.279, 0.524, 1.67, 0.957, 0.655, 1.589, 1.568, 0.845, 1.816, 2.104, 1.853, 1.93, 1.8, 1.991, 1.177, 1.711, nan, 1.7, nan, 1.208, 1.707, 1.169, 0.799, nan, 1.426, 1.572, 1.878, nan, 1.642, 1.375, 0.979, 1.483, 1.373, nan, nan, nan, 1.965, 1.857, 1.509, 1.686, 1.77, nan, 0.402, nan, 1.83, 0.696, 1.886, 1.526, 1.937, 1.499, 1.819, 1.383, 1.27, 1.045, 1.503, nan, 1.733, 2.221, 0.973, 1.348, 0.778, 1.976, 1.665, 1.484, 1.654, 1.932, 1.588, 2.017, 1.445, 0.922, nan, 1.8, 1.938, nan]","[1.1, 1.828, 1.223, 2.303, 1.453, 1.685, 1.658, 1.926, 1.175, 2.068, 1.745, 1.724, 1.383, 1.909, 1.588, nan, 1.365, nan, 1.519, 1.23, 1.384, 1.75, 0.562, 1.488, 1.639, 1.193, 1.593, 1.277, 1.48, 1.532, nan, 0.803, 1.563, 1.029, 1.409, 1.512, nan, 1.556, 1.513, 1.982, 1.566, 1.747, 1.772, 1.848, 1.265, 1.97, nan, 1.63, nan, 1.305, 1.807, 1.199, 1.145, nan, 1.585, 1.856, 1.825, nan, 1.201, 1.306, 1.141, 1.692, 1.47, nan, nan, nan, 1.772, 1.822, 1.572, 1.377, 1.729, nan, 0.85, nan, 1.628, 1.441, 1.665, 1.523, 1.62, 1.581, 1.578, 1.435, 1.607, 1.351, nan, nan, 1.692, 1.939, 0.469, 1.479, 0.482, 1.793, 0.953, 1.148, 1.322, 1.818, nan, 1.648, 1.432, 0.874, nan, 1.644, 1.853, nan]","[0.948, 1.705, 1.337, 2.189, 1.442, 1.49, 1.34, 1.853, 1.611, 2.108, 1.761, 1.67, 1.574, 1.981, 1.341, 1.373, 1.58, nan, 1.598, 1.156, 1.401, 1.261, 0.521, 1.328, 1.599, 1.219, 1.695, 1.343, 1.347, 1.489, 1.327, 0.924, 1.573, 1.232, 1.619, 1.153, 1.491, 1.392, 1.408, 1.259, 1.963, 1.838, 1.756, 1.825, 1.329, 1.779, nan, 1.604, nan, 1.291, 1.622, 1.464, 0.999, nan, 1.594, 1.872, 2.011, nan, 1.545, 1.412, 1.077, 1.501, 1.583, nan, nan, nan, 1.924, 1.948, 1.482, 1.566, 1.823, nan, 0.914, nan, 1.683, 1.068, 1.792, 1.557, 2.085, 1.493, 1.779, 1.764, 1.68, 1.452, 1.481, nan, 1.765, 1.953, 1.997, 1.306, 0.678, 1.828, 1.689, 1.226, 1.483, 1.764, 1.64, 2.081, 1.386, 0.907, nan, 1.416, 1.801, nan]","[nan, 1.12, 0.54, 0.42, nan, 0.82, nan, nan, 0.62, 1.06, 0.93, nan, nan, nan, 1.18, nan, nan, nan, nan, 0.56, 0.58, 0.78, 0.38, 1.42, 1.57, 0.76, 0.96, nan, nan, nan, nan, nan, nan, nan, 0.61, 0.78, 1.6, nan, nan, nan, nan, 1.59, nan, 1.14, nan, 1.13, nan, nan, nan, 0.69, nan, 0.68, 0.84, nan, nan, nan, nan, nan, 0.85, nan, 0.43, nan, nan, nan, nan, nan, 1.04, 1.04, nan, nan, nan, nan, 0.46, nan, nan, 0.39, nan, nan, 1.07, nan, 0.96, 0.45, 1.17, 1.36, nan, nan, nan, nan, 0.41, nan, 0.28, nan, 1.46, nan, nan, 0.83, nan, 0.51, nan, 1.01, nan, nan, 1.45, nan]"
length,"[41, 43, 36, 45, 40, 45, 50, 112, 34, 36, 71, 71, 40, 56, 44, 37, 43, 54, 41, 47, 51, 34, 55, 44, 81, 45, 0, 122, 46, 56, 33, 55, 36, 54, 137, 53, 33, 51, 117, 78, 60, 35, 50, 51, 75, 61, 35, 52, 40, 39, 48, 57, 134, 49, 34, 225, 136, 35, 32, 59, 86, 52, 45, 55, 65, 43, 66, 45, 37, 58, 253, 47, 42, 125, 47, 48, 224, 57, 83, 34, 58, 59, 90, 38, 34, 54, 37, 60, 35, 34, 34, 37, 46, 43, 33, 39, 47, 35, 59, 129, 37, 59, 34, 52]","[41, 43, 36, 45, 40, 45, 50, 112, 34, 36, 71, 71, 40, 56, 44, 37, 43, 54, 41, 47, 51, 34, 55, 44, 81, 45, 0, 122, 46, 56, 33, 55, 36, 54, 137, 53, 33, 51, 117, 78, 60, 35, 50, 51, 75, 61, 35, 52, 40, 39, 48, 57, 134, 49, 34, 225, 136, 35, 32, 59, 86, 52, 45, 55, 65, 43, 66, 45, 37, 58, 253, 47, 42, 125, 47, 48, 224, 57, 83, 34, 58, 59, 90, 38, 34, 54, 37, 60, 35, 34, 34, 37, 46, 43, 33, 39, 47, 35, 59, 129, 37, 59, 34, 52]","[41, 43, 36, 45, 40, 45, 50, 112, 34, 36, 71, 71, 40, 56, 44, 37, 43, 54, 41, 47, 51, 34, 55, 44, 81, 45, 0, 122, 46, 56, 33, 55, 36, 54, 137, 53, 33, 51, 117, 78, 60, 35, 50, 51, 75, 61, 35, 52, 40, 39, 48, 57, 134, 49, 34, 225, 136, 35, 32, 59, 86, 52, 45, 55, 65, 43, 66, 45, 37, 58, 253, 47, 42, 125, 47, 48, 224, 57, 83, 34, 58, 59, 90, 38, 34, 54, 37, 60, 35, 34, 34, 37, 46, 43, 33, 39, 47, 35, 59, 129, 37, 59, 34, 52]","[41, 43, 36, 45, 40, 45, 50, 112, 34, 36, 71, 71, 40, 56, 44, 37, 43, 54, 41, 47, 51, 34, 55, 44, 81, 45, 0, 122, 46, 56, 33, 55, 36, 54, 137, 53, 33, 51, 117, 78, 60, 35, 50, 51, 75, 61, 35, 52, 40, 39, 48, 57, 134, 49, 34, 225, 136, 35, 32, 59, 86, 52, 45, 55, 65, 43, 66, 45, 37, 58, 253, 47, 42, 125, 47, 48, 224, 57, 83, 34, 58, 59, 90, 38, 34, 54, 37, 60, 35, 34, 34, 37, 46, 43, 33, 39, 47, 35, 59, 129, 37, 59, 34, 52]","[41, 43, 36, 45, 40, 45, 50, 112, 34, 36, 71, 71, 40, 56, 44, 37, 43, 54, 41, 47, 51, 34, 55, 44, 81, 45, 0, 122, 46, 56, 33, 55, 36, 54, 137, 53, 33, 51, 117, 78, 60, 35, 50, 51, 75, 61, 35, 52, 40, 39, 48, 57, 134, 49, 34, 225, 136, 35, 32, 59, 86, 52, 45, 55, 65, 43, 66, 45, 37, 58, 253, 47, 42, 125, 47, 48, 224, 57, 83, 34, 58, 59, 90, 38, 34, 54, 37, 60, 35, 34, 34, 37, 46, 43, 33, 39, 47, 35, 59, 129, 37, 59, 34, 52]"
